﻿text_2.started,text_2.stopped,key_resp.keys,key_resp.rt,key_resp.started,key_resp.stopped,image.started,image.stopped,key_resp_2.keys,key_resp_2.rt,key_resp_2.started,key_resp_2.stopped,text.started,text.stopped,key_resp_3.keys,key_resp_3.rt,key_resp_3.started,key_resp_3.stopped,image_2.started,image_2.stopped,key_resp_4.keys,key_resp_4.rt,key_resp_4.started,key_resp_4.stopped,text_3.started,text_3.stopped,key_resp_5.keys,key_resp_5.rt,key_resp_5.started,key_resp_5.stopped,image_3.started,image_3.stopped,key_resp_6.keys,key_resp_6.rt,key_resp_6.started,key_resp_6.stopped,text_4.started,text_4.stopped,key_resp_7.keys,key_resp_7.rt,key_resp_7.started,key_resp_7.stopped,image_4.started,image_4.stopped,key_resp_8.keys,key_resp_8.rt,key_resp_8.started,key_resp_8.stopped,participant,session,date,expName,psychopyVersion,frameRate,
20.353414200013503,None,space,7.706285399966873,20.353414200013503,None,,,,,,,,,,,,,,,,,,,,,,,,,,,,,,,,,,,,,,,,,,,s01,001,2021_Oct_18_1108,project,2021.2.3,143.8778534386382,
,,,,,,28.10321740002837,None,space,17.95194190001348,28.10321740002837,None,,,,,,,,,,,,,,,,,,,,,,,,,,,,,,,,,,,,,s01,001,2021_Oct_18_1108,project,2021.2.3,143.8778534386382,
,,,,,,,,,,,,46.06677099998342,None,space,0.5529777999618091,46.06677099998342,None,,,,,,,,,,,,,,,,,,,,,,,,,,,,,,,s01,001,2021_Oct_18_1108,project,2021.2.3,143.8778534386382,
,,,,,,,,,,,,,,,,,,46.63519780000206,None,space,1.3456020999583416,46.63519780000206,None,,,,,,,,,,,,,,,,,,,,,,,,,s01,001,2021_Oct_18_1108,project,2021.2.3,143.8778534386382,
,,,,,,,,,,,,,,,,,,,,,,,,47.99443560000509,None,space,1.2596534000476822,47.99443560000509,None,,,,,,,,,,,,,,,,,,,s01,001,2021_Oct_18_1108,project,2021.2.3,143.8778534386382,
,,,,,,,,,,,,,,,,,,,,,,,,,,,,,,49.26709610002581,None,space,0.659610100032296,49.26709610002581,None,,,,,,,,,,,,,s01,001,2021_Oct_18_1108,project,2021.2.3,143.8778534386382,
,,,,,,,,,,,,,,,,,,,,,,,,,,,,,,,,,,,,49.93790409999201,None,space,2.3793378999689594,49.93790409999201,None,,,,,,,s01,001,2021_Oct_18_1108,project,2021.2.3,143.8778534386382,
,,,,,,,,,,,,,,,,,,,,,,,,,,,,,,,,,,,,,,,,,,52.33041490003234,None,space,0.5990728000178933,52.33041490003234,None,s01,001,2021_Oct_18_1108,project,2021.2.3,143.8778534386382,
