﻿text_2.started,text_2.stopped,key_resp.keys,key_resp.rt,key_resp.started,key_resp.stopped,image.started,image.stopped,key_resp_2.keys,key_resp_2.rt,key_resp_2.started,key_resp_2.stopped,text.started,text.stopped,key_resp_3.keys,key_resp_3.rt,key_resp_3.started,key_resp_3.stopped,image_2.started,image_2.stopped,key_resp_4.keys,key_resp_4.rt,key_resp_4.started,key_resp_4.stopped,text_3.started,text_3.stopped,key_resp_5.keys,key_resp_5.rt,key_resp_5.started,key_resp_5.stopped,image_3.started,image_3.stopped,key_resp_6.keys,key_resp_6.rt,key_resp_6.started,key_resp_6.stopped,text_4.started,text_4.stopped,key_resp_7.keys,key_resp_7.rt,key_resp_7.started,key_resp_7.stopped,image_4.started,image_4.stopped,key_resp_8.keys,key_resp_8.rt,key_resp_8.started,key_resp_8.stopped,participant,session,date,expName,psychopyVersion,frameRate,
24.1272649000166,None,space,85.06003629998304,24.1272649000166,None,,,,,,,,,,,,,,,,,,,,,,,,,,,,,,,,,,,,,,,,,,,s02,001,2021_Oct_18_1116,project,2021.2.3,142.4130176091829,
,,,,,,109.26399420003872,None,space,0.9568722000112757,109.26399420003872,None,,,,,,,,,,,,,,,,,,,,,,,,,,,,,,,,,,,,,s02,001,2021_Oct_18_1116,project,2021.2.3,142.4130176091829,
,,,,,,,,,,,,110.23415570001816,None,space,0.9261354999616742,110.23415570001816,None,,,,,,,,,,,,,,,,,,,,,,,,,,,,,,,s02,001,2021_Oct_18_1116,project,2021.2.3,142.4130176091829,
,,,,,,,,,,,,,,,,,,111.1712432000204,None,space,3.684684899984859,111.1712432000204,None,,,,,,,,,,,,,,,,,,,,,,,,,s02,001,2021_Oct_18_1116,project,2021.2.3,142.4130176091829,
,,,,,,,,,,,,,,,,,,,,,,,,114.86595680000028,None,space,2.4283753000199795,114.86595680000028,None,,,,,,,,,,,,,,,,,,,s02,001,2021_Oct_18_1116,project,2021.2.3,142.4130176091829,
,,,,,,,,,,,,,,,,,,,,,,,,,,,,,,117.30988690000959,None,space,1.3018867999780923,117.30988690000959,None,,,,,,,,,,,,,s02,001,2021_Oct_18_1116,project,2021.2.3,142.4130176091829,
,,,,,,,,,,,,,,,,,,,,,,,,,,,,,,,,,,,,118.62377120001474,None,space,3.374641000002157,118.62377120001474,None,,,,,,,s02,001,2021_Oct_18_1116,project,2021.2.3,142.4130176091829,
,,,,,,,,,,,,,,,,,,,,,,,,,,,,,,,,,,,,,,,,,,122.01140970003325,None,space,0.3726469000102952,122.01140970003325,None,s02,001,2021_Oct_18_1116,project,2021.2.3,142.4130176091829,
