﻿text_2.started,text_2.stopped,key_resp.keys,key_resp.rt,key_resp.started,key_resp.stopped,image.started,image.stopped,key_resp_2.keys,key_resp_2.rt,key_resp_2.started,key_resp_2.stopped,text.started,text.stopped,key_resp_3.keys,key_resp_3.rt,key_resp_3.started,key_resp_3.stopped,image_2.started,image_2.stopped,key_resp_4.keys,key_resp_4.rt,key_resp_4.started,key_resp_4.stopped,text_3.started,text_3.stopped,key_resp_5.keys,key_resp_5.rt,key_resp_5.started,key_resp_5.stopped,image_3.started,image_3.stopped,key_resp_6.keys,key_resp_6.rt,key_resp_6.started,key_resp_6.stopped,text_4.started,text_4.stopped,key_resp_7.keys,key_resp_7.rt,key_resp_7.started,key_resp_7.stopped,image_4.started,image_4.stopped,key_resp_8.keys,key_resp_8.rt,key_resp_8.started,key_resp_8.stopped,participant,session,date,expName,psychopyVersion,frameRate,
31.111564399998315,None,space,8.695044700005383,31.111564399998315,None,,,,,,,,,,,,,,,,,,,,,,,,,,,,,,,,,,,,,,,,,,,s02,001,2021_Oct_18_1155,project,2021.2.3,59.946827164187454,
,,,,,,39.83615799999825,None,space,4.122399100004259,39.83615799999825,None,,,,,,,,,,,,,,,,,,,,,,,,,,,,,,,,,,,,,s02,001,2021_Oct_18_1155,project,2021.2.3,59.946827164187454,
,,,,,,,,,,,,43.98945609999646,None,space,10.921856800003297,43.98945609999646,None,,,,,,,,,,,,,,,,,,,,,,,,,,,,,,,s02,001,2021_Oct_18_1155,project,2021.2.3,59.946827164187454,
,,,,,,,,,,,,,,,,,,54.93142919999809,None,space,11.675730400005705,54.93142919999809,None,,,,,,,,,,,,,,,,,,,,,,,,,s02,001,2021_Oct_18_1155,project,2021.2.3,59.946827164187454,
,,,,,,,,,,,,,,,,,,,,,,,,66.62398409999878,None,space,5.062546500004828,66.62398409999878,None,,,,,,,,,,,,,,,,,,,s02,001,2021_Oct_18_1155,project,2021.2.3,59.946827164187454,
,,,,,,,,,,,,,,,,,,,,,,,,,,,,,,71.71133049999844,None,space,3.2633835000015097,71.71133049999844,None,,,,,,,,,,,,,s02,001,2021_Oct_18_1155,project,2021.2.3,59.946827164187454,
,,,,,,,,,,,,,,,,,,,,,,,,,,,,,,,,,,,,74.99725799999942,None,space,3.737433600002987,74.99725799999942,None,,,,,,,s02,001,2021_Oct_18_1155,project,2021.2.3,59.946827164187454,
,,,,,,,,,,,,,,,,,,,,,,,,,,,,,,,,,,,,,,,,,,78.7672188999968,None,space,0.9441032000031555,78.7672188999968,None,s02,001,2021_Oct_18_1155,project,2021.2.3,59.946827164187454,
