﻿text_2.started,text_2.stopped,key_resp.keys,key_resp.rt,key_resp.started,key_resp.stopped,image.started,image.stopped,key_resp_2.keys,key_resp_2.rt,key_resp_2.started,key_resp_2.stopped,text.started,text.stopped,key_resp_3.keys,key_resp_3.rt,key_resp_3.started,key_resp_3.stopped,image_2.started,image_2.stopped,key_resp_4.keys,key_resp_4.rt,key_resp_4.started,key_resp_4.stopped,text_3.started,text_3.stopped,key_resp_5.keys,key_resp_5.rt,key_resp_5.started,key_resp_5.stopped,image_3.started,image_3.stopped,key_resp_6.keys,key_resp_6.rt,key_resp_6.started,key_resp_6.stopped,text_4.started,text_4.stopped,key_resp_7.keys,key_resp_7.rt,key_resp_7.started,key_resp_7.stopped,image_4.started,image_4.stopped,key_resp_8.keys,key_resp_8.rt,key_resp_8.started,key_resp_8.stopped,participant,session,date,expName,psychopyVersion,frameRate,
21.38958930002991,None,space,5.844349800026976,21.38958930002991,None,,,,,,,,,,,,,,,,,,,,,,,,,,,,,,,,,,,,,,,,,,,s02,001,2021_Oct_18_1118,project,2021.2.3,143.96339865453297,
,,,,,,27.287133699981496,None,space,1.0955445999861695,27.287133699981496,None,,,,,,,,,,,,,,,,,,,,,,,,,,,,,,,,,,,,,s02,001,2021_Oct_18_1118,project,2021.2.3,143.96339865453297,
,,,,,,,,,,,,28.39594479999505,None,space,5.976422099978663,28.39594479999505,None,,,,,,,,,,,,,,,,,,,,,,,,,,,,,,,s02,001,2021_Oct_18_1118,project,2021.2.3,143.96339865453297,
,,,,,,,,,,,,,,,,,,34.38801210001111,None,space,0.7497344999574125,34.38801210001111,None,,,,,,,,,,,,,,,,,,,,,,,,,s02,001,2021_Oct_18_1118,project,2021.2.3,143.96339865453297,
,,,,,,,,,,,,,,,,,,,,,,,,35.1471017000149,None,space,2.504866400035098,35.1471017000149,None,,,,,,,,,,,,,,,,,,,s02,001,2021_Oct_18_1118,project,2021.2.3,143.96339865453297,
,,,,,,,,,,,,,,,,,,,,,,,,,,,,,,37.66566779999994,None,space,0.5988472999888472,37.66566779999994,None,,,,,,,,,,,,,s02,001,2021_Oct_18_1118,project,2021.2.3,143.96339865453297,
,,,,,,,,,,,,,,,,,,,,,,,,,,,,,,,,,,,,38.27723489998607,None,space,1.5364790000021458,38.27723489998607,None,,,,,,,s02,001,2021_Oct_18_1118,project,2021.2.3,143.96339865453297,
,,,,,,,,,,,,,,,,,,,,,,,,,,,,,,,,,,,,,,,,,,39.82579849998001,None,space,0.8227541000233032,39.82579849998001,None,s02,001,2021_Oct_18_1118,project,2021.2.3,143.96339865453297,
